name,email_address,phone_number,title,company_name,company_domain,created_at,updated_at,country,company_industry,company_employees,company_revenue
David Craig,david.craig@luna-ayers-cruz.com,+1-521-338-6604,Team Lead,"Luna, Ayers and Cruz",luna-ayers-cruz.com,2023-01-02,2023-01-02,Chile,Education,528,495454947
Katherine Martinez,kmartinez@bradley-king.biz,001-756-319-3019x377,IC,Bradley-King,bradley-king.biz,2023-01-02,2023-01-02,Spain,Healthcare,13236,478092952
Mary Chavez,mchavez@le.at,847-735-2410x93517,IC,Le PLC,le.at,2023-01-03,2023-02-20,Germany,Healthcare,5536,500156737
Rebekah Anderson,randerson@garcia.xyz,001-244-617-8669x66948,IC,Garcia PLC,garcia.xyz,2023-01-03,2023-01-03,Japan,Logistics,1057,312046186
Chelsea Bell,cbell@richardson-jenkins-gamble.com,399-921-7859,IC,"Richardson, Jenkins and Gamble",richardson-jenkins-gamble.com,2023-01-04,2023-08-28,Spain,Manufacturing,10210,582166179
Isabella Alvarez,ialvarez@porter-martin.io,609-581-0023,Manager,Porter-Martin,porter-martin.io,2023-01-06,2023-01-06,Chile,Finance,4382,715154079
Laura Webb,laura.webb@maxwell-sons.at,+1-597-871-5938x94037,IC,Maxwell and Sons,maxwell-sons.at,2023-01-06,2023-01-06,Germany,Education,8865,761351992
Eric Savage,eric.savage@giles.at,753.505.4147x030,IC,Giles LLC,giles.at,2023-01-07,2023-01-07,Germany,Education,7089,39514779
Robert Carroll,rcarroll@carter-walsh.org,797.262.4115x365,Team Lead,Carter-Walsh,carter-walsh.org,2023-01-08,2023-06-18,Chile,Tech,9196,564282450
Julie Johnson,jjohnson@harris-burgess.org,001-845-464-3212x88222,IC,Harris-Burgess,harris-burgess.org,2023-01-10,2023-01-10,Japan,Finance,11251,822211275
Jerry King,jking@aguirre-greene.ai,349.343.4224,Team Lead,Aguirre-Greene,aguirre-greene.ai,2023-01-10,2023-01-10,Japan,Manufacturing,1448,798304358
Ashley Wilson,ashley.wilson@turner-buchanan-davis.at,+1-814-243-0934x5352,IC,"Turner, Buchanan and Davis",turner-buchanan-davis.at,2023-01-10,2023-10-21,United States,Education,14608,556848374
Daniel Pierce,daniel.pierce@cooper-curtis.at,(255)833-3747x4696,Manager,Cooper-Curtis,cooper-curtis.at,2023-01-10,2023-01-10,United Kingdom,Manufacturing,1484,275593386
Noah Stout,noah.stout@phillips-group.ai,3586397441,IC,Phillips Group,phillips-group.ai,2023-01-12,2023-05-13,Japan,Education,1133,358445635
Dennis Salas,dennis.salas@garcia-meadows-murphy.org,881.819.9863x059,Team Lead,"Garcia, Meadows and Murphy",garcia-meadows-murphy.org,2023-01-13,2023-09-13,United States,Healthcare,13843,633220516
Jennifer Bailey,jbailey@palmer-sons.biz,321-836-7524,IC,Palmer and Sons,palmer-sons.biz,2023-01-14,2023-01-14,Spain,Healthcare,12732,321016470
Corey Miller,corey.miller@ponce-morgan-harris.at,354.236.8013,IC,"Ponce, Morgan and Harris",ponce-morgan-harris.at,2023-01-14,2023-01-14,Japan,Healthcare,10325,195235368
Aaron Hoffman,aaron.hoffman@jackson-callahan-barr.xyz,774-371-5879x85564,IC,"Jackson, Callahan and Barr",jackson-callahan-barr.xyz,2023-01-15,2023-01-15,Japan,Education,5256,168390114
Richard Leonard,richard.leonard@foster-hudson.biz,(614)300-3836,Manager,Foster-Hudson,foster-hudson.biz,2023-01-17,2023-01-17,Japan,Tech,14813,171982448
David Lawson,david.lawson@macias-patton.at,001-403-312-8360x039,Team Lead,Macias-Patton,macias-patton.at,2023-01-18,2023-01-18,Chile,Finance,1147,328576223
Michelle Sanders,msanders@williams-cross-salazar.org,556-411-0195,Team Lead,"Williams, Cross and Salazar",williams-cross-salazar.org,2023-01-18,2023-01-18,Germany,Education,12697,96643112
Timothy Rodriguez,trodriguez@nelson-glover-moore.biz,+1-203-540-0344x0117,Manager,"Nelson, Glover and Moore",nelson-glover-moore.biz,2023-01-19,2023-01-19,United Kingdom,Logistics,2076,250657712
Jessica Leon,jleon@lopez-sons.at,513-314-6669,IC,Lopez and Sons,lopez-sons.at,2023-01-19,2023-01-19,Chile,Finance,4101,956614191
Kathy Williams,kwilliams@tanner-terry-cooper.xyz,409-650-2323x32384,IC,"Tanner, Terry and Cooper",tanner-terry-cooper.xyz,2023-01-20,2023-01-20,Germany,Manufacturing,6985,78304174
Terry Davis,terry.davis@morales-mitchell-watson.net,+1-597-214-1223x71879,IC,"Morales, Mitchell and Watson",morales-mitchell-watson.net,2023-01-21,2023-01-21,Spain,Logistics,6583,710598408
Douglas Ramirez,douglas.ramirez@rios-roberson-mills.net,+1-860-267-7637,IC,"Rios, Roberson and Mills",rios-roberson-mills.net,2023-01-22,2023-01-22,Spain,Finance,9798,988101996
Jordan Harrison,jharrison@gilmore-pena-williamson.xyz,902.474.7707x89027,Manager,"Gilmore, Pena and Williamson",gilmore-pena-williamson.xyz,2023-01-22,2023-01-22,United Kingdom,Logistics,1827,785640651
Justin Schmidt,jschmidt@foster-williams-cochran.org,001-932-516-3951,IC,"Foster, Williams and Cochran",foster-williams-cochran.org,2023-01-22,2023-04-15,Germany,Healthcare,9707,632895581
Sheila Sexton,ssexton@edwards-meza-perez.at,240.842.2486x570,Manager,"Edwards, Meza and Perez",edwards-meza-perez.at,2023-01-24,2023-04-11,Chile,Finance,6377,403198071
Matthew Ruiz,matthew.ruiz@stark.xyz,+1-240-931-5976x4583,IC,Stark PLC,stark.xyz,2023-01-28,2023-01-28,United Kingdom,Logistics,3177,27884149
Vanessa Coleman,vcoleman@morris-murphy.at,516-302-4320x3087,Vice President,Morris-Murphy,morris-murphy.at,2023-01-30,2023-10-13,United States,Manufacturing,1787,709944720
Heather Howard,heather.howard@nichols-mcgee-zimmerman.xyz,761.620.4544x201,IC,"Nichols, Mcgee and Zimmerman",nichols-mcgee-zimmerman.xyz,2023-01-31,2023-07-13,Japan,Education,11421,11439939
Steve Burke,steve.burke@wallace-inc.org,001-950-494-1318x66351,IC,Wallace Inc,wallace-inc.org,2023-02-02,2023-02-02,United States,Finance,1339,124001948
Martha Meyer,martha.meyer@williams.org,294-725-0362x5905,IC,Williams LLC,williams.org,2023-02-02,2023-11-14,Spain,Logistics,12170,309107540
Andre Klein,aklein@jensen-lee-valencia.xyz,001-614-894-6880,IC,"Jensen, Lee and Valencia",jensen-lee-valencia.xyz,2023-02-03,2023-02-03,Japan,Healthcare,6117,292511145
Michael Walker,michael.walker@ryan-soto-thompson.io,+1-643-261-6569x73746,IC,"Ryan, Soto and Thompson",ryan-soto-thompson.io,2023-02-04,2023-02-04,Germany,Tech,1907,372585777
Frances Lewis,frances.lewis@barr-taylor.org,9337017089,IC,Barr-Taylor,barr-taylor.org,2023-02-04,2023-06-19,United States,Education,8342,800638521
Carmen Morrison,cmorrison@garrett-newman-jimenez.ai,+1-547-450-5848x11680,Team Lead,"Garrett, Newman and Jimenez",garrett-newman-jimenez.ai,2023-02-04,2023-02-04,Spain,Manufacturing,5579,317707744
Andrew Doyle,adoyle@perkins-ltd.xyz,236.670.8466x14871,IC,Perkins Ltd,perkins-ltd.xyz,2023-02-04,2023-03-03,Spain,Manufacturing,11717,434600178
Adam Wilson,adam.wilson@webster-maxwell-parsons.com,321.601.7186x46473,IC,"Webster, Maxwell and Parsons",webster-maxwell-parsons.com,2023-02-04,2023-05-28,United States,Logistics,2546,404444006
James Hansen,jhansen@lynch-gutierrez.biz,+1-863-519-9793,IC,Lynch-Gutierrez,lynch-gutierrez.biz,2023-02-05,2023-02-05,United Kingdom,Finance,8708,8618790
Bradley Werner,bwerner@mosley-johnson.biz,001-670-443-1154x41318,Team Lead,Mosley-Johnson,mosley-johnson.biz,2023-02-08,2023-02-08,Spain,Tech,5021,90418315
Laura Medina,lmedina@winters-webb.at,9715006726,IC,Winters-Webb,winters-webb.at,2023-02-08,2023-03-08,Japan,Finance,13180,317801784
Gregory Jensen,gjensen@flores-davis.xyz,619.425.2017,Manager,Flores-Davis,flores-davis.xyz,2023-02-13,2023-02-13,Spain,Education,12440,13544331
Eric Clark,eclark@nixon.xyz,+1-892-686-8115x733,Team Lead,Nixon LLC,nixon.xyz,2023-02-14,2023-10-31,United Kingdom,Manufacturing,2550,716947044
Jonathan Foster,jfoster@gray-flowers-johnson.net,+1-813-369-7578x54019,IC,"Gray, Flowers and Johnson",gray-flowers-johnson.net,2023-02-15,2023-10-07,Japan,Healthcare,5542,159759801
Albert Hill,albert.hill@landry-mann.net,001-687-473-1335x131,IC,Landry-Mann,landry-mann.net,2023-02-15,2023-05-10,Germany,Tech,14511,781722993
Christina Martinez,cmartinez@foster.org,+1-537-318-4761,IC,Foster PLC,foster.org,2023-02-16,2023-02-16,Spain,Tech,4977,898504662
Brent Sanchez,brent.sanchez@richardson-dean.org,559.384.6933x744,Director,Richardson-Dean,richardson-dean.org,2023-02-18,2023-02-18,United States,Finance,1953,134743133
Warren Allen,warren.allen@long-silva-roman.xyz,270.540.0806x982,IC,"Long, Silva and Roman",long-silva-roman.xyz,2023-02-23,2023-11-12,Spain,Healthcare,12724,507390223
Dr. Trevor Norris,dnorris@holloway-powell.com,893.495.5658x10356,IC,Holloway-Powell,holloway-powell.com,2023-02-26,2023-12-17,United Kingdom,Finance,11287,270875486
Jacqueline Booker,jbooker@gonzalez-lopez.xyz,358.603.2738x1597,IC,Gonzalez-Lopez,gonzalez-lopez.xyz,2023-02-26,2023-02-26,United Kingdom,Manufacturing,12272,768311471
Mr. Ryan Wallace,mwallace@taylor-hill-lopez.org,524.732.7158x532,IC,"Taylor, Hill and Lopez",taylor-hill-lopez.org,2023-02-27,2023-02-27,United States,Logistics,10475,325064642
Denise Alexander,denise.alexander@david-group.at,520.895.2130,IC,David Group,david-group.at,2023-02-28,2023-02-28,Germany,Finance,9422,201349765
Mark Allison,mallison@frey-davenport.biz,786-471-7141x79159,IC,Frey-Davenport,frey-davenport.biz,2023-02-28,2023-07-24,Germany,Healthcare,9887,928488856
David Hudson,david.hudson@smith-sons.org,001-742-428-1072,IC,Smith and Sons,smith-sons.org,2023-03-02,2023-03-02,United States,Healthcare,6972,203207324
Eric Brewer,ebrewer@martinez-mckay.ai,778.731.1942x202,IC,Martinez-Mckay,martinez-mckay.ai,2023-03-03,2023-03-03,United Kingdom,Manufacturing,1744,478238247
Jerry Reed,jreed@wilson-inc.io,2925548619,IC,Wilson Inc,wilson-inc.io,2023-03-03,2023-03-03,Chile,Manufacturing,3820,725134537
William Lyons,wlyons@weiss-johnston-franco.net,001-460-707-5170,CIO (Chief Information Officer),"Weiss, Johnston and Franco",weiss-johnston-franco.net,2023-03-03,2023-09-05,Spain,Tech,6283,245895599
Jeremy Summers,jsummers@carter-mejia-wallace.biz,+1-993-283-5476x47673,Team Lead,"Carter, Mejia and Wallace",carter-mejia-wallace.biz,2023-03-04,2023-03-04,Germany,Education,3557,998395128
Mikayla Munoz,mmunoz@huber-george-ali.org,(633)757-0995x6035,IC,"Huber, George and Ali",huber-george-ali.org,2023-03-04,2023-03-04,Chile,Logistics,9770,891440790
Alexander Torres,alexander.torres@davis-kent-smith.xyz,+1-913-833-7403,Manager,"Davis, Kent and Smith",davis-kent-smith.xyz,2023-03-04,2023-03-04,Germany,Education,12533,520845088
Kelly Suarez,ksuarez@robertson-johnson.io,+1-623-379-4646x319,IC,Robertson-Johnson,robertson-johnson.io,2023-03-06,2023-03-06,Chile,Healthcare,4534,581571645
Robert Mcgee,robert.mcgee@nelson-ltd.net,462-211-4072x1878,IC,Nelson Ltd,nelson-ltd.net,2023-03-07,2023-03-07,United States,Education,2041,906084528
Angela Reynolds,angela.reynolds@ramirez-cortez-valentine.org,577.339.0332x0934,IC,"Ramirez, Cortez and Valentine",ramirez-cortez-valentine.org,2023-03-07,2023-07-27,Spain,Manufacturing,11793,71405437
Robert Obrien,robrien@lee-wagner-colon.at,288.918.1249x4651,IC,"Lee, Wagner and Colon",lee-wagner-colon.at,2023-03-07,2023-03-07,United Kingdom,Manufacturing,11211,906989339
David Johnson,david.johnson@williams-walker-ellis.com,(485)512-4529x0520,IC,"Williams, Walker and Ellis",williams-walker-ellis.com,2023-03-08,2023-08-17,United States,Manufacturing,7444,486455376
Nicholas Smith,nicholas.smith@coleman-chaney-miller.com,001-507-404-7598x3476,IC,"Coleman, Chaney and Miller",coleman-chaney-miller.com,2023-03-08,2023-03-08,Germany,Tech,2251,287348809
Eric Young,eyoung@aguilar-gill-hardy.at,317-344-5901,IC,"Aguilar, Gill and Hardy",aguilar-gill-hardy.at,2023-03-10,2023-03-10,United States,Manufacturing,1466,703045335
Kelly Gonzalez,kelly.gonzalez@hernandez-kelley.ai,743-755-4909x482,Director,Hernandez-Kelley,hernandez-kelley.ai,2023-03-10,2023-03-10,United States,Logistics,5752,706240214
Latasha Miller,latasha.miller@cervantes-inc.io,569.344.1425x2186,IC,Cervantes Inc,cervantes-inc.io,2023-03-10,2023-03-10,United Kingdom,Logistics,12811,763143231
Tammy Shaw,tshaw@kim-inc.io,755.752.3600,IC,Kim Inc,kim-inc.io,2023-03-11,2023-03-26,United States,Tech,5639,924785788
Adrian Trujillo,adrian.trujillo@garcia-johnson.org,+1-369-691-2211x885,IC,Garcia-Johnson,garcia-johnson.org,2023-03-11,2023-03-11,Japan,Tech,9461,672359554
Julie Young,jyoung@woodward-simmons.org,(925)871-0222x54078,IC,Woodward-Simmons,woodward-simmons.org,2023-03-13,2023-05-19,Japan,Logistics,260,935522988
Bonnie Garcia,bonnie.garcia@martinez.ai,331-524-6307x548,IC,Martinez LLC,martinez.ai,2023-03-15,2023-03-15,Japan,Finance,8269,319495714
Christina Lopez,clopez@ford-inc.com,001-580-619-9214x57899,Manager,Ford Inc,ford-inc.com,2023-03-18,2023-05-06,United States,Logistics,3904,40602087
Michelle Cervantes,michelle.cervantes@harris-wallace.ai,989.552.9878,IC,Harris-Wallace,harris-wallace.ai,2023-03-18,2023-03-18,Spain,Manufacturing,13671,37144386
Tamara Kemp MD,tmd@allen-jones-woodward.ai,(888)753-1970,IC,"Allen, Jones and Woodward",allen-jones-woodward.ai,2023-03-20,2023-03-20,Germany,Logistics,13292,228997966
Gail Bernard,gbernard@mcmahon-smith-sutton.xyz,001-434-945-7674x3447,IC,"Mcmahon, Smith and Sutton",mcmahon-smith-sutton.xyz,2023-03-20,2023-03-20,United Kingdom,Finance,13228,522196847
Danielle Huynh,dhuynh@schmidt-group.at,(559)744-9408x17307,IC,Schmidt Group,schmidt-group.at,2023-03-21,2023-03-21,United States,Logistics,11637,131338119
Kathleen Brown,kathleen.brown@hunter-inc.io,001-768-235-0911x059,IC,Hunter Inc,hunter-inc.io,2023-03-21,2023-03-21,United Kingdom,Manufacturing,8216,285868538
Jennifer Robinson,jennifer.robinson@roberts-green.ai,+1-233-688-4835x706,Manager,Roberts-Green,roberts-green.ai,2023-03-24,2023-03-24,Spain,Manufacturing,10159,38260076
Mackenzie Massey,mmassey@smith-king.net,(448)428-5886x95508,IC,Smith-King,smith-king.net,2023-03-25,2023-03-25,United Kingdom,Healthcare,11844,418888370
Suzanne Mercer,suzanne.mercer@allen-frederick.net,(636)868-6948,IC,Allen-Frederick,allen-frederick.net,2023-03-28,2023-03-28,United States,Logistics,8231,96776229
Evan Jones,evan.jones@phillips-sons.xyz,(805)444-3772,Manager,Phillips and Sons,phillips-sons.xyz,2023-03-28,2023-03-28,Japan,Tech,6413,839205324
Bobby Morris,bmorris@ramsey-inc.org,915.732.4320x96243,IC,Ramsey Inc,ramsey-inc.org,2023-03-30,2023-03-30,Germany,Manufacturing,5734,414139454
Carmen Jenkins,carmen.jenkins@sanders-ltd.biz,644-713-2590x387,IC,Sanders Ltd,sanders-ltd.biz,2023-03-30,2023-03-30,Germany,Education,14048,167027867
Timothy Bryant,timothy.bryant@barrett.ai,001-658-930-9392x61221,IC,Barrett PLC,barrett.ai,2023-03-30,2023-03-30,Germany,Manufacturing,8898,465790339
Amanda Williams,amanda.williams@cameron-group.com,(275)673-5764x8102,IC,Cameron Group,cameron-group.com,2023-03-31,2023-03-31,United Kingdom,Manufacturing,10686,986597962
Robert Lee,robert.lee@butler-romero.xyz,362.251.1198,IC,Butler-Romero,butler-romero.xyz,2023-04-01,2023-04-01,Spain,Education,9871,354998102
Gregory Torres,gtorres@thomas-sons.ai,001-959-217-5913x875,Team Lead,Thomas and Sons,thomas-sons.ai,2023-04-02,2023-04-02,United States,Finance,9548,432852218
Sara Flowers,sara.flowers@edwards-lee-robinson.io,001-345-792-6995x195,IC,"Edwards, Lee and Robinson",edwards-lee-robinson.io,2023-04-03,2023-04-03,Spain,Manufacturing,14461,90183239
Timothy Austin,timothy.austin@navarro.net,298.316.4391x86128,IC,Navarro PLC,navarro.net,2023-04-03,2023-04-03,United States,Logistics,12491,910939806
Troy Ho,tho@reed-walker-harris.at,+1-441-644-6581x67120,IC,"Reed, Walker and Harris",reed-walker-harris.at,2023-04-05,2023-07-21,Spain,Tech,13245,597942038
Stacy Short,sshort@smith-jones.org,001-831-638-3763,IC,Smith-Jones,smith-jones.org,2023-04-07,2023-04-07,Japan,Finance,14194,945794559
Cathy Morgan,cmorgan@patel-kline-cox.biz,+1-299-833-3480x4039,IC,"Patel, Kline and Cox",patel-kline-cox.biz,2023-04-08,2023-04-08,Chile,Logistics,1805,447218787
Amanda Vasquez,amanda.vasquez@tran-carpenter-montgomery.net,001-518-416-3789x4354,Team Lead,"Tran, Carpenter and Montgomery",tran-carpenter-montgomery.net,2023-04-10,2023-04-10,Germany,Education,4536,452443787
Michelle Lloyd,mlloyd@mckee-kim-brown.xyz,(444)559-8445x3923,Manager,"Mckee, Kim and Brown",mckee-kim-brown.xyz,2023-04-13,2023-04-13,Germany,Logistics,7692,246080489
Ryan Taylor,rtaylor@collins-donovan-webb.xyz,(556)436-8156x3980,IC,"Collins, Donovan and Webb",collins-donovan-webb.xyz,2023-04-14,2023-04-14,Chile,Logistics,5457,882381966
Veronica Long,vlong@hicks-inc.net,(976)836-6049x34293,IC,Hicks Inc,hicks-inc.net,2023-04-14,2023-06-13,Chile,Manufacturing,12941,334131956
John Hill,jhill@randolph-wolfe.ai,998-577-5259x858,IC,Randolph-Wolfe,randolph-wolfe.ai,2023-04-14,2023-04-14,Japan,Logistics,291,940246965
Manuel Parsons,manuel.parsons@cisneros-lyons.io,392.715.7730,IC,Cisneros-Lyons,cisneros-lyons.io,2023-04-14,2023-04-14,Germany,Manufacturing,11528,47101149
Timothy Johnson,timothy.johnson@brown-group.io,725-388-4170x1485,IC,Brown Group,brown-group.io,2023-04-15,2023-04-15,Spain,Education,9693,242462121
Francisco Juarez,francisco.juarez@bernard-austin.com,935.685.1051,IC,Bernard-Austin,bernard-austin.com,2023-04-16,2023-04-16,United States,Manufacturing,10253,77171130
Natalie Johnson,natalie.johnson@yoder-cox.xyz,897-877-1613,IC,Yoder-Cox,yoder-cox.xyz,2023-04-17,2023-04-17,Spain,Logistics,14516,997784389
Mark Hall,mark.hall@wright-ferguson.io,898-959-2200x672,IC,Wright-Ferguson,wright-ferguson.io,2023-04-18,2023-04-18,Japan,Tech,145,865479153
Stefanie Castillo,scastillo@jones-ramos-mcknight.at,941-780-0288x12586,IC,"Jones, Ramos and Mcknight",jones-ramos-mcknight.at,2023-04-19,2023-04-19,Japan,Education,1421,33352586
Debra Cunningham,dcunningham@ward-davis-stout.org,607.359.5121x44661,IC,"Ward, Davis and Stout",ward-davis-stout.org,2023-04-19,2023-05-24,Japan,Finance,14986,449742709
Shaun Ford,shaun.ford@miller-ltd.biz,+1-959-729-9861x5617,Manager,Miller Ltd,miller-ltd.biz,2023-04-20,2023-04-20,United States,Healthcare,415,182868565
Paul Clark,paul.clark@lang-armstrong.biz,+1-994-667-3895,Manager,Lang-Armstrong,lang-armstrong.biz,2023-04-22,2023-04-22,United States,Education,11834,35107795
Julie Rios,julie.rios@maxwell-romero.com,653.238.1342,Team Lead,Maxwell-Romero,maxwell-romero.com,2023-04-22,2023-06-24,Spain,Tech,951,988888044
Ronald Pham,ronald.pham@huber-turner.xyz,717.409.1099,IC,Huber-Turner,huber-turner.xyz,2023-04-24,2023-12-12,United Kingdom,Healthcare,4016,200646071
Robert Collier,rcollier@duncan-lee.at,(332)285-8947,IC,Duncan-Lee,duncan-lee.at,2023-04-24,2023-05-16,Chile,Tech,12183,577401087
Alexander Boyd,alexander.boyd@rodriguez-mcknight.net,(998)708-1112x9333,Manager,Rodriguez-Mcknight,rodriguez-mcknight.net,2023-04-25,2023-04-25,United States,Education,11249,825598757
Alexandra Gordon,alexandra.gordon@kent-ltd.net,682-887-4499x110,Manager,Kent Ltd,kent-ltd.net,2023-04-26,2023-04-26,United Kingdom,Finance,2063,655102369
Eric Washington,ewashington@mccoy.io,997.812.8912x697,IC,Mccoy LLC,mccoy.io,2023-04-26,2023-04-26,Spain,Healthcare,14674,62843062
Raymond Diaz,rdiaz@dyer-king-rowland.ai,675.893.3425x1135,IC,"Dyer, King and Rowland",dyer-king-rowland.ai,2023-04-28,2023-09-28,United States,Healthcare,5898,237335734
Sophia Phillips,sophia.phillips@richardson-campos.net,707.451.2754x4193,IC,Richardson-Campos,richardson-campos.net,2023-04-28,2023-04-28,United States,Healthcare,2645,269268236
Ruben Wells,ruben.wells@hubbard-brown.biz,527.953.1737x3995,Team Lead,Hubbard-Brown,hubbard-brown.biz,2023-04-30,2023-12-27,Germany,Logistics,12774,765772590
Keith Jones,keith.jones@smith-ltd.io,442.540.0842x02467,IC,Smith Ltd,smith-ltd.io,2023-04-30,2023-04-30,United Kingdom,Finance,9937,725304712
Chad Stuart,cstuart@baker-morris-galvan.net,257-991-6309x723,Manager,"Baker, Morris and Galvan",baker-morris-galvan.net,2023-05-01,2023-05-01,Chile,Healthcare,3719,744445126
Chloe Johnson DDS,chloe.dds@cunningham-hernandez.org,915.927.7772x197,IC,Cunningham-Hernandez,cunningham-hernandez.org,2023-05-01,2023-05-01,Spain,Logistics,14508,53989688
Yolanda Davis,ydavis@bullock-ltd.net,+1-266-490-3895x40713,Team Lead,Bullock Ltd,bullock-ltd.net,2023-05-05,2023-05-19,Japan,Education,5668,108326891
Theresa Montgomery,theresa.montgomery@morris-garcia-ramirez.xyz,9254965528,IC,"Morris, Garcia and Ramirez",morris-garcia-ramirez.xyz,2023-05-06,2023-05-06,United Kingdom,Healthcare,6927,506748367
Carolyn Green,carolyn.green@gordon-zimmerman-brandt.at,6763113152,IC,"Gordon, Zimmerman and Brandt",gordon-zimmerman-brandt.at,2023-05-11,2023-05-11,United States,Finance,3580,25853214
Jacqueline Smith,jacqueline.smith@peters-chavez-gray.at,+1-730-327-4855,Manager,"Peters, Chavez and Gray",peters-chavez-gray.at,2023-05-12,2023-05-12,Germany,Education,5911,508562615
Christian White,cwhite@johnson-henry-espinoza.biz,(726)460-5068,IC,"Johnson, Henry and Espinoza",johnson-henry-espinoza.biz,2023-05-12,2023-05-12,Japan,Healthcare,6155,529945990
Steven Shaw,steven.shaw@williams-reid-erickson.at,394-620-6826x37169,Team Lead,"Williams, Reid and Erickson",williams-reid-erickson.at,2023-05-14,2023-05-14,Spain,Healthcare,11056,967524159
William Soto,william.soto@scott-williams-stone.ai,622-933-2405x5974,IC,"Scott, Williams and Stone",scott-williams-stone.ai,2023-05-16,2023-11-11,Chile,Logistics,7621,683103074
Amanda Burke,aburke@davis-allen.com,358-377-8465x8074,IC,Davis-Allen,davis-allen.com,2023-05-16,2023-05-16,Japan,Manufacturing,2328,606533182
Daniel Collins,dcollins@spencer-garcia.net,+1-463-266-3379,IC,Spencer-Garcia,spencer-garcia.net,2023-05-21,2023-05-21,Spain,Logistics,12504,175169065
Misty Yates,myates@schmidt-sons.io,936-788-1932x5621,IC,Schmidt and Sons,schmidt-sons.io,2023-05-22,2023-05-22,United Kingdom,Tech,911,293411716
Thomas Cox,tcox@atkinson.io,+1-869-827-2584x975,IC,Atkinson LLC,atkinson.io,2023-05-25,2023-05-25,Chile,Manufacturing,14519,808437970
Briana Bennett,briana.bennett@becker-stanley.xyz,+1-617-689-7575x69214,IC,Becker-Stanley,becker-stanley.xyz,2023-05-25,2023-05-25,United States,Manufacturing,3893,955950539
Rebecca Walters,rebecca.walters@moses-garrett-atkins.ai,+1-932-314-9281x12290,IC,"Moses, Garrett and Atkins",moses-garrett-atkins.ai,2023-05-25,2023-05-25,Spain,Manufacturing,9369,531618781
Cheryl Campbell,cheryl.campbell@lam-burton-reed.biz,+1-975-514-6148x947,Manager,"Lam, Burton and Reed",lam-burton-reed.biz,2023-05-26,2023-05-26,United States,Logistics,8390,86015832
Natasha Miller,natasha.miller@bailey-jones-moore.io,262-350-6403x379,Manager,"Bailey, Jones and Moore",bailey-jones-moore.io,2023-05-27,2023-05-27,Chile,Logistics,6662,439879065
Melinda Webster,melinda.webster@munoz-group.org,8718936371,IC,Munoz Group,munoz-group.org,2023-06-03,2023-06-03,Japan,Logistics,9892,349778926
William Beasley,william.beasley@copeland-clark.org,9146768876,IC,Copeland-Clark,copeland-clark.org,2023-06-04,2023-06-04,United Kingdom,Tech,3324,42377800
Michael Walker,michael.walker@jones-jones-nichols.org,357-430-7947,IC,"Jones, Jones and Nichols",jones-jones-nichols.org,2023-06-04,2023-10-30,United States,Logistics,7272,655500643
Lori Dunlap,lori.dunlap@caldwell-bennett.io,(329)228-7494,Manager,Caldwell-Bennett,caldwell-bennett.io,2023-06-05,2023-06-05,United States,Manufacturing,5055,63482400
Mr. Richard Martin DDS,mr..dds@reyes-ltd.xyz,218.640.0100,IC,Reyes Ltd,reyes-ltd.xyz,2023-06-05,2023-06-05,Japan,Tech,3084,783851401
Melinda Reese,melinda.reese@thompson-sons.ai,+1-453-979-2368x1566,IC,Thompson and Sons,thompson-sons.ai,2023-06-05,2023-06-05,United States,Manufacturing,10091,30602285
Matthew Kelley,mkelley@smith-sons.ai,246.738.3704x59327,IC,Smith and Sons,smith-sons.ai,2023-06-06,2023-06-06,Spain,Tech,5369,290589646
Morgan Mora,mmora@delgado.ai,(351)229-5529x137,Senior Director,Delgado PLC,delgado.ai,2023-06-10,2023-06-10,United Kingdom,Manufacturing,12127,349504787
Sarah Hopkins,sarah.hopkins@white-inc.io,+1-382-757-3038x00528,IC,White Inc,white-inc.io,2023-06-10,2023-06-14,United States,Logistics,10697,410510797
Anthony Harrison,anthony.harrison@wright-burke-turner.net,790.585.4048x15141,IC,"Wright, Burke and Turner",wright-burke-turner.net,2023-06-11,2023-06-11,United States,Tech,9971,622384720
Miss Melissa Smith,msmith@bray-group.at,+1-683-920-7283x607,IC,Bray Group,bray-group.at,2023-06-11,2023-06-11,United Kingdom,Logistics,14756,812877519
Christopher Warren,christopher.warren@martin.org,652.685.9571x489,IC,Martin LLC,martin.org,2023-06-13,2023-06-13,United States,Healthcare,4067,97682420
Bobby Perez,bperez@bennett-robertson.com,567-570-6832,IC,Bennett-Robertson,bennett-robertson.com,2023-06-13,2023-06-13,Japan,Tech,2600,726040584
Mr. Shawn Richardson,mr..richardson@hurst-sons.com,424-896-9778x820,IC,Hurst and Sons,hurst-sons.com,2023-06-13,2023-06-13,United Kingdom,Education,13188,423775660
Michael Ruiz,michael.ruiz@watson-sons.biz,532-423-0686x17748,IC,Watson and Sons,watson-sons.biz,2023-06-14,2023-06-14,Japan,Manufacturing,5222,782241521
William Rollins,wrollins@trevino-gibson-villarreal.io,885-671-0160x40031,IC,"Trevino, Gibson and Villarreal",trevino-gibson-villarreal.io,2023-06-16,2023-08-30,Japan,Finance,2903,342773827
Amanda Valdez,avaldez@johnson-sandoval.org,001-624-942-4662x24964,IC,Johnson-Sandoval,johnson-sandoval.org,2023-06-17,2023-06-17,Japan,Logistics,11341,835066414
Jennifer Kelly,jennifer.kelly@obrien-page.org,001-934-365-0870x5917,IC,Obrien-Page,obrien-page.org,2023-06-17,2023-06-17,United States,Logistics,1589,145733643
Kevin Williams,kevin.williams@dean-sons.net,703-908-5673x848,IC,Dean and Sons,dean-sons.net,2023-06-17,2023-06-17,Spain,Tech,612,159161396
Kelsey Molina,kmolina@rodriguez-group.xyz,001-854-936-0048x703,IC,Rodriguez Group,rodriguez-group.xyz,2023-06-17,2023-06-17,United States,Finance,469,908335653
Emily Brown,ebrown@king-ramirez.org,+1-731-582-6948x1876,IC,King-Ramirez,king-ramirez.org,2023-06-19,2023-06-19,United Kingdom,Healthcare,6290,53169090
Julia Leach,jleach@robbins-inc.com,(824)232-4586x25306,Vice President,Robbins Inc,robbins-inc.com,2023-06-20,2023-06-20,United Kingdom,Logistics,4245,838468469
James Bailey,jbailey@reyes-norman.com,946.205.0514x704,IC,Reyes-Norman,reyes-norman.com,2023-06-20,2023-06-20,Spain,Education,9193,162754393
Crystal Romero,crystal.romero@gamble-jenkins.xyz,(811)688-6874,IC,Gamble-Jenkins,gamble-jenkins.xyz,2023-06-23,2023-06-23,Germany,Manufacturing,7658,949156466
Ann Mueller,amueller@lowery-inc.xyz,971-360-4712,IC,Lowery Inc,lowery-inc.xyz,2023-06-29,2023-08-11,United States,Education,5203,594911070
Stephen Smith,stephen.smith@kelly-phillips-gordon.biz,+1-651-430-8995x102,IC,"Kelly, Phillips and Gordon",kelly-phillips-gordon.biz,2023-06-29,2023-06-29,United Kingdom,Finance,9747,801386708
Paul Smith,psmith@alvarez.biz,413.822.3100x6754,Vice President,Alvarez PLC,alvarez.biz,2023-07-01,2023-10-02,Spain,Manufacturing,6773,82014210
Angela Leon,aleon@sanders-jones.org,(583)374-9636,IC,Sanders-Jones,sanders-jones.org,2023-07-02,2023-07-02,Germany,Healthcare,2761,368908017
Virginia Lowery,vlowery@elliott.io,(555)592-6426x2112,Team Lead,Elliott LLC,elliott.io,2023-07-02,2023-07-02,Germany,Finance,14111,244694510
Rhonda Walters,rwalters@martinez-wilson.com,(446)355-3929,Team Lead,Martinez-Wilson,martinez-wilson.com,2023-07-05,2023-07-05,Japan,Education,13326,526231040
Chelsey Erickson,chelsey.erickson@guzman-perry.biz,+1-955-860-5412x1395,Team Lead,Guzman-Perry,guzman-perry.biz,2023-07-05,2023-07-05,Spain,Logistics,10034,421048603
William Jordan,wjordan@wagner-thompson-james.io,+1-645-814-9598,Team Lead,"Wagner, Thompson and James",wagner-thompson-james.io,2023-07-05,2023-07-05,Germany,Manufacturing,11320,43436712
Charles Jones,cjones@cole-harris-garcia.org,+1-616-365-8868x701,IC,"Cole, Harris and Garcia",cole-harris-garcia.org,2023-07-06,2023-07-06,United Kingdom,Logistics,3909,891183551
Leslie Ramos,lramos@hendrix-vazquez-martinez.net,(924)880-2736x35023,Manager,"Hendrix, Vazquez and Martinez",hendrix-vazquez-martinez.net,2023-07-09,2023-07-09,United Kingdom,Manufacturing,9572,492637023
Taylor Watson,twatson@richard-christian.org,(948)466-0999x9779,IC,Richard-Christian,richard-christian.org,2023-07-11,2023-07-11,Japan,Logistics,9775,402056380
Mr. Charles Bowman,mr..bowman@barton-vega.io,(490)882-9368,IC,Barton-Vega,barton-vega.io,2023-07-11,2023-07-11,Spain,Finance,136,22151368
Brett Vazquez,brett.vazquez@patel-sons.at,3668361579,Team Lead,Patel and Sons,patel-sons.at,2023-07-12,2023-07-12,United Kingdom,Tech,14622,132775431
Miss Cristina Austin DDS,mdds@nichols-rogers.ai,579-976-5960x09308,Manager,Nichols-Rogers,nichols-rogers.ai,2023-07-13,2023-07-13,United Kingdom,Healthcare,4975,528149883
Jennifer Fowler,jennifer.fowler@king-baldwin.io,+1-263-784-5111x264,IC,King-Baldwin,king-baldwin.io,2023-07-14,2023-07-14,United Kingdom,Tech,12913,155469121
Kimberly Fields,kimberly.fields@lopez-guerra-townsend.org,001-383-781-5249x5759,Team Lead,"Lopez, Guerra and Townsend",lopez-guerra-townsend.org,2023-07-15,2023-07-15,Spain,Education,6848,119711593
Amy Weber,amy.weber@evans.org,248-531-5202,IC,Evans LLC,evans.org,2023-07-15,2023-07-15,United Kingdom,Manufacturing,6700,102004529
Amy Hickman,amy.hickman@gibson-franklin.xyz,(450)855-6230x92714,IC,Gibson-Franklin,gibson-franklin.xyz,2023-07-16,2023-09-19,Chile,Tech,11592,544800644
Jennifer Peterson,jennifer.peterson@davis-oneal-johnson.com,001-217-628-2541x7229,IC,"Davis, Oneal and Johnson",davis-oneal-johnson.com,2023-07-18,2023-07-18,United States,Logistics,9312,367947473
Lori Lee,lori.lee@butler.com,001-990-914-9053,IC,Butler PLC,butler.com,2023-07-19,2023-07-19,Germany,Tech,5540,233353936
Anthony Ramos,aramos@parker-bailey-torres.org,446-971-4586,IC,"Parker, Bailey and Torres",parker-bailey-torres.org,2023-07-19,2023-10-19,Chile,Education,14284,811106515
Matthew Love,mlove@james-villa-hernandez.io,+1-841-687-9702,Director,"James, Villa and Hernandez",james-villa-hernandez.io,2023-07-21,2023-07-21,Chile,Healthcare,568,412961333
Alejandro Case,acase@bridges-mann.xyz,620.595.4040,IC,Bridges-Mann,bridges-mann.xyz,2023-07-22,2023-07-22,Spain,Education,6335,801430542
April Guerrero,april.guerrero@foley-robinson.org,332-819-1010x635,Director,Foley-Robinson,foley-robinson.org,2023-07-22,2023-09-15,United Kingdom,Education,7309,644048668
Brittany Butler,bbutler@wong-fox.io,001-626-621-9787,IC,Wong-Fox,wong-fox.io,2023-07-23,2023-07-23,Germany,Healthcare,4343,162481000
Jerome Lee,jlee@johnson-ramirez.io,297-459-3534x425,IC,Johnson-Ramirez,johnson-ramirez.io,2023-07-23,2023-07-23,United States,Tech,5453,976895965
Christopher Martin,christopher.martin@watson-burke-bell.ai,3437935298,IC,"Watson, Burke and Bell",watson-burke-bell.ai,2023-07-23,2023-12-04,United States,Finance,2713,358580727
Daniel Oneal,daniel.oneal@fisher-cummings.io,+1-389-270-8153x60621,IC,Fisher-Cummings,fisher-cummings.io,2023-07-24,2023-07-24,Japan,Education,5277,655566212
Manuel Dudley,mdudley@bradley-thompson-clark.net,(300)523-3049x196,IC,"Bradley, Thompson and Clark",bradley-thompson-clark.net,2023-07-25,2023-07-25,United Kingdom,Logistics,13536,937813674
Tracy Gibson,tgibson@white-hanson.com,001-325-980-3104x63759,Team Lead,White-Hanson,white-hanson.com,2023-07-28,2023-07-28,Germany,Tech,13481,414042921
Valerie Orr,vorr@williams-gibson-michael.net,+1-293-910-1973x993,Senior Director,"Williams, Gibson and Michael",williams-gibson-michael.net,2023-07-28,2023-07-28,United Kingdom,Education,9633,614325164
Tanya Barrett,tbarrett@smith-crosby.net,+1-824-316-7282x66817,Team Lead,Smith-Crosby,smith-crosby.net,2023-07-29,2023-07-29,Germany,Manufacturing,11142,425729507
Craig Hester,craig.hester@aguilar.net,001-697-800-0900x907,IC,Aguilar PLC,aguilar.net,2023-07-30,2023-07-30,Spain,Finance,13917,380822538
Amanda Hall,ahall@martin-inc.com,(739)308-3448x152,IC,Martin Inc,martin-inc.com,2023-07-30,2023-07-30,Chile,Manufacturing,6484,310662912
Joseph Turner,joseph.turner@mitchell-brown-buchanan.net,867-685-8679x28954,Manager,"Mitchell, Brown and Buchanan",mitchell-brown-buchanan.net,2023-08-01,2023-08-01,Spain,Manufacturing,4093,142940730
Lindsay Haney,lhaney@davis-owens-kelly.xyz,(897)573-1697x5644,IC,"Davis, Owens and Kelly",davis-owens-kelly.xyz,2023-08-01,2023-08-01,United Kingdom,Healthcare,1561,855685792
Heidi Johnson,heidi.johnson@brown-chen-armstrong.net,6663239219,IC,"Brown, Chen and Armstrong",brown-chen-armstrong.net,2023-08-02,2023-08-02,United States,Tech,8674,147159351
Colleen Zimmerman,czimmerman@peterson-sons.ai,905-396-3043,IC,Peterson and Sons,peterson-sons.ai,2023-08-03,2023-08-03,United States,Education,1685,913559606
Melissa Collins,melissa.collins@carr-berry-powers.com,4337381709,Manager,"Carr, Berry and Powers",carr-berry-powers.com,2023-08-03,2023-08-03,United Kingdom,Education,12926,747265463
Amy Avila,amy.avila@wilson-sons.xyz,634.360.6843,IC,Wilson and Sons,wilson-sons.xyz,2023-08-06,2023-08-06,Chile,Finance,9827,154118623
Justin Galvan,jgalvan@kerr-chapman.xyz,001-945-947-2984x980,IC,Kerr-Chapman,kerr-chapman.xyz,2023-08-06,2023-08-06,Germany,Manufacturing,3849,340327689
Kathryn Murray,kmurray@schaefer.io,987-558-2519,Manager,Schaefer LLC,schaefer.io,2023-08-07,2023-12-16,Japan,Tech,4651,395248398
Mr. Nathaniel Walker,mwalker@russell.xyz,4177493331,IC,Russell LLC,russell.xyz,2023-08-10,2023-08-10,Japan,Tech,12174,586537137
Michelle Johnson,michelle.johnson@hansen-phelps-benson.ai,8825498718,IC,"Hansen, Phelps and Benson",hansen-phelps-benson.ai,2023-08-12,2023-08-12,United Kingdom,Finance,714,267083925
Cynthia Greer,cgreer@martin-inc.com,(862)268-3472x9849,IC,Martin Inc,martin-inc.com,2023-08-12,2023-09-23,United Kingdom,Logistics,4581,672234703
Karen Moore,karen.moore@alexander-palmer-ortega.at,(913)804-0120,IC,"Alexander, Palmer and Ortega",alexander-palmer-ortega.at,2023-08-13,2023-11-20,United Kingdom,Manufacturing,2325,203683263
Michael Guzman,mguzman@thompson-lee-huang.org,996-970-1988,Team Lead,"Thompson, Lee and Huang",thompson-lee-huang.org,2023-08-15,2023-12-05,Spain,Education,422,637757435
Keith Whitaker,keith.whitaker@price.biz,001-402-517-7353x09514,Team Lead,Price PLC,price.biz,2023-08-16,2023-10-08,Spain,Healthcare,1231,823609674
Melissa Gilbert,mgilbert@herrera-fitzgerald.net,+1-458-891-5933x528,IC,Herrera-Fitzgerald,herrera-fitzgerald.net,2023-08-20,2023-12-27,Chile,Manufacturing,5323,484543630
Patrick Guerrero,patrick.guerrero@allen.com,(449)312-0924x89574,IC,Allen PLC,allen.com,2023-08-20,2023-08-20,United Kingdom,Tech,7583,615026454
Matthew Nguyen,mnguyen@farley.biz,001-933-543-7033x392,IC,Farley PLC,farley.biz,2023-08-22,2023-08-22,Germany,Tech,13774,434597541
Travis Johnson,travis.johnson@harris.xyz,663.871.6520x28146,Manager,Harris LLC,harris.xyz,2023-08-22,2023-08-22,United States,Manufacturing,13386,12830414
Alexander Gonzales,alexander.gonzales@schneider-group.ai,001-251-710-0708x42758,Team Lead,Schneider Group,schneider-group.ai,2023-08-22,2023-12-16,Japan,Manufacturing,3710,607351117
Travis Jimenez,travis.jimenez@austin-murphy-long.io,845-283-4473,IC,"Austin, Murphy and Long",austin-murphy-long.io,2023-08-23,2023-08-23,United Kingdom,Tech,5786,520404721
Amanda Navarro,anavarro@king.net,670.990.8717x9768,IC,King PLC,king.net,2023-08-23,2023-08-23,Japan,Logistics,5900,799743612
Tammy Wood,tammy.wood@aguilar.xyz,4772006286,IC,Aguilar LLC,aguilar.xyz,2023-08-24,2023-08-24,Germany,Logistics,1354,139593436
Kelly Burgess,kelly.burgess@smith-hunter-brooks.at,(216)376-8690,IC,"Smith, Hunter and Brooks",smith-hunter-brooks.at,2023-08-25,2023-08-25,Japan,Logistics,11969,163420110
Kelly Cardenas,kelly.cardenas@rodriguez-mckenzie-ramirez.io,+1-396-847-4554x09707,IC,"Rodriguez, Mckenzie and Ramirez",rodriguez-mckenzie-ramirez.io,2023-08-27,2023-08-27,Germany,Finance,1605,360898494
Heidi Brooks,heidi.brooks@holden.com,678.761.5318x50799,Team Lead,Holden LLC,holden.com,2023-08-27,2023-08-27,Chile,Manufacturing,2069,321679111
Isaac Hampton,ihampton@nguyen-sons.xyz,(242)684-9341x0272,IC,Nguyen and Sons,nguyen-sons.xyz,2023-08-28,2023-08-28,Japan,Tech,14815,725950799
Robert Parker,robert.parker@warren-rowe-huynh.at,001-245-848-4957x674,IC,"Warren, Rowe and Huynh",warren-rowe-huynh.at,2023-09-02,2023-09-02,Japan,Manufacturing,7052,147367396
Luis Ferguson,luis.ferguson@neal-fisher.xyz,818.590.0892,IC,Neal-Fisher,neal-fisher.xyz,2023-09-02,2023-09-02,Chile,Logistics,14452,999542894
William Taylor,wtaylor@jones-inc.ai,001-795-833-9049x2908,IC,Jones Inc,jones-inc.ai,2023-09-04,2023-09-04,Chile,Manufacturing,14976,999758851
Cassandra Cole,ccole@freeman-jensen-glass.net,333.399.8131x96217,IC,"Freeman, Jensen and Glass",freeman-jensen-glass.net,2023-09-04,2023-09-04,Spain,Healthcare,14468,784382890
Bradley Rush,brush@garcia-davis-sellers.biz,4114838050,IC,"Garcia, Davis and Sellers",garcia-davis-sellers.biz,2023-09-05,2023-09-05,Chile,Tech,14492,736901215
Daniel Johnson,daniel.johnson@roth-meyer-sanchez.io,(606)854-0977,IC,"Roth, Meyer and Sanchez",roth-meyer-sanchez.io,2023-09-05,2023-09-05,Chile,Education,5880,771745568
Joshua Evans,jevans@jones-thomas.com,732-812-1605,IC,Jones-Thomas,jones-thomas.com,2023-09-07,2023-09-07,Spain,Logistics,4901,830395902
Debra Stewart,debra.stewart@lopez.io,001-540-598-3740x21354,IC,Lopez PLC,lopez.io,2023-09-07,2023-09-07,United Kingdom,Education,9901,628762180
Ryan Carter,rcarter@knight-barnes-white.xyz,625.454.2408,Manager,"Knight, Barnes and White",knight-barnes-white.xyz,2023-09-07,2023-09-07,United States,Manufacturing,13405,813740369
Christopher Thomas,cthomas@fields.at,259.266.9224x7402,IC,Fields PLC,fields.at,2023-09-10,2023-09-10,Spain,Tech,11022,742161397
Mary Gonzalez,mgonzalez@johnson-rivera.xyz,750-289-0612x664,IC,Johnson-Rivera,johnson-rivera.xyz,2023-09-13,2023-09-13,Germany,Healthcare,6666,996143287
Todd Huff,todd.huff@ruiz-rios.org,206-861-5148x23587,Manager,Ruiz-Rios,ruiz-rios.org,2023-09-13,2023-11-24,United States,Education,9005,329480031
Derrick Garcia,derrick.garcia@chapman-larson.ai,687-611-6871,IC,Chapman-Larson,chapman-larson.ai,2023-09-14,2023-09-14,United States,Education,13203,276048415
Traci Krueger,traci.krueger@freeman-group.biz,228-235-4417x8006,Team Lead,Freeman Group,freeman-group.biz,2023-09-15,2023-09-15,Chile,Healthcare,12972,822426824
Carrie Wright,cwright@jacobson-garcia.xyz,858-509-0941,IC,Jacobson-Garcia,jacobson-garcia.xyz,2023-09-18,2023-09-18,Chile,Healthcare,900,882508296
Leah Bradley,leah.bradley@mcdowell-edwards.net,+1-525-237-6404x478,Senior Director,Mcdowell-Edwards,mcdowell-edwards.net,2023-09-18,2023-09-18,Chile,Finance,3539,559566108
Rebecca Le,rle@jensen-lee-valencia.xyz,869.637.0292,IC,"Jensen, Lee and Valencia",jensen-lee-valencia.xyz,2023-09-18,2023-10-30,Japan,Healthcare,6117,292511145
Adrienne Williams,adrienne.williams@peterson.org,001-259-701-0106x1809,IC,Peterson LLC,peterson.org,2023-09-19,2023-09-19,United Kingdom,Healthcare,5438,584859336
Lisa Smith,lisa.smith@parsons.ai,734-739-4164x694,Manager,Parsons LLC,parsons.ai,2023-09-20,2023-09-20,Japan,Finance,4547,893076461
James Rodriguez,jrodriguez@sanford-robinson.xyz,984-346-2620x15542,Director,Sanford-Robinson,sanford-robinson.xyz,2023-09-21,2023-11-14,Germany,Finance,6545,206161643
Timothy Little,timothy.little@holland-solis.biz,001-319-942-2629,IC,Holland-Solis,holland-solis.biz,2023-09-24,2023-09-24,Germany,Healthcare,5492,850718135
Lisa Byrd,lbyrd@williams-group.at,811-549-0772x809,IC,Williams Group,williams-group.at,2023-09-24,2023-09-24,Chile,Education,4270,402111236
Pedro Matthews,pedro.matthews@farrell-ltd.biz,250.560.8633x56436,IC,Farrell Ltd,farrell-ltd.biz,2023-09-24,2023-11-12,Japan,Healthcare,2614,208851436
Joseph Welch,joseph.welch@lewis-cooper-dominguez.xyz,001-323-472-7058,IC,"Lewis, Cooper and Dominguez",lewis-cooper-dominguez.xyz,2023-09-28,2023-09-28,Germany,Healthcare,14808,12286891
Brenda Mcdaniel,brenda.mcdaniel@diaz-richmond-aguilar.at,+1-839-408-0969x430,IC,"Diaz, Richmond and Aguilar",diaz-richmond-aguilar.at,2023-09-29,2023-09-29,Japan,Healthcare,6852,652726609
Adrienne Armstrong,adrienne.armstrong@drake-gomez-owen.com,888.279.7922x679,IC,"Drake, Gomez and Owen",drake-gomez-owen.com,2023-10-01,2023-10-01,Spain,Education,6771,123862706
Isabella Riddle,isabella.riddle@hamilton-martinez-mullen.org,451-586-5774x02256,IC,"Hamilton, Martinez and Mullen",hamilton-martinez-mullen.org,2023-10-01,2023-10-01,Japan,Logistics,1749,165625865
Larry Villarreal,lvillarreal@kemp-franco.xyz,877.261.0928x555,Team Lead,Kemp-Franco,kemp-franco.xyz,2023-10-07,2023-10-07,United States,Logistics,9920,359948338
Morgan Harris,mharris@wells-smith.io,458-845-9997x51637,Team Lead,Wells-Smith,wells-smith.io,2023-10-07,2023-10-07,United Kingdom,Tech,5154,738342124
Michelle Lopez,mlopez@tran-inc.xyz,4635478681,CEO (Chief Executive Officer),Tran Inc,tran-inc.xyz,2023-10-09,2023-10-09,United Kingdom,Tech,14358,394455779
Sandra Moore,smoore@allen-kirk.ai,954-235-3890x057,Senior Director,Allen-Kirk,allen-kirk.ai,2023-10-09,2023-10-09,United Kingdom,Healthcare,9077,929278851
Jose Braun,jbraun@williams-inc.org,390-952-9245x47817,IC,Williams Inc,williams-inc.org,2023-10-12,2023-10-12,Chile,Healthcare,4379,294310787
Jordan Harrison,jharrison@lewis-morgan-caldwell.ai,902.474.7707x89027,Manager,"Lewis, Morgan and Caldwell",lewis-morgan-caldwell.ai,2023-10-13,2023-10-13,United Kingdom,Education,10142,38717060
Anthony Brown,anthony.brown@king-ross-hayden.at,(846)489-9319,IC,"King, Ross and Hayden",king-ross-hayden.at,2023-10-14,2023-10-14,United States,Tech,5023,652495186
Donald Holloway,dholloway@joseph-barry.biz,(378)996-3533,IC,Joseph-Barry,joseph-barry.biz,2023-10-14,2023-10-14,Germany,Manufacturing,11662,938016718
Madison Klein,mklein@graham-rasmussen.ai,906.486.3753,IC,Graham-Rasmussen,graham-rasmussen.ai,2023-10-15,2023-10-15,Germany,Logistics,4362,734793972
Austin Peters,austin.peters@castillo-ltd.org,+1-811-856-0016x94482,IC,Castillo Ltd,castillo-ltd.org,2023-10-16,2023-10-16,United Kingdom,Education,11532,201624534
Joseph Hardy,jhardy@mccormick-group.xyz,293.657.5568x124,IC,Mccormick Group,mccormick-group.xyz,2023-10-17,2023-10-17,United States,Manufacturing,9738,503429105
Frank Burke,frank.burke@bush-harris.at,001-326-705-9561x134,IC,Bush-Harris,bush-harris.at,2023-10-17,2023-10-17,Chile,Education,14740,967480084
Susan Williams,susan.williams@torres.ai,(844)792-8950x30163,Senior Vice President,Torres LLC,torres.ai,2023-10-20,2023-10-20,Chile,Tech,6167,85931781
Lindsey Greer,lindsey.greer@brown-horne.io,+1-681-835-2852,IC,Brown-Horne,brown-horne.io,2023-10-22,2023-10-22,Chile,Manufacturing,8408,231278998
Leah Moran,lmoran@morris-carter.com,622-448-6222x0604,IC,Morris-Carter,morris-carter.com,2023-10-22,2023-10-22,Germany,Logistics,8102,53641000
Maurice Roth,mroth@carson-butler-brooks.biz,001-744-415-5874x3468,IC,"Carson, Butler and Brooks",carson-butler-brooks.biz,2023-10-23,2023-10-23,Spain,Manufacturing,7325,290797113
Jonathan Rogers,jonathan.rogers@lara-watson-jackson.ai,589.485.3774,Director,"Lara, Watson and Jackson",lara-watson-jackson.ai,2023-10-24,2023-10-24,Spain,Tech,2716,393118751
Jennifer Lucero,jennifer.lucero@wolfe-sons.net,+1-626-222-9645,Manager,Wolfe and Sons,wolfe-sons.net,2023-10-27,2023-10-27,Japan,Tech,10433,696223071
Jason Spencer,jspencer@hampton-vega.net,522-651-0663x5498,IC,Hampton-Vega,hampton-vega.net,2023-10-28,2023-10-28,Spain,Tech,13500,647053696
Jessica Johnson,jessica.johnson@williams-meyer-ortega.net,375.268.6059x1218,IC,"Williams, Meyer and Ortega",williams-meyer-ortega.net,2023-10-28,2023-10-28,Spain,Healthcare,1565,399797238
Alicia Gonzales,alicia.gonzales@strickland-wallace.net,555-774-0528x74175,IC,Strickland-Wallace,strickland-wallace.net,2023-10-30,2023-10-30,Japan,Healthcare,2635,359892191
Clifford Rogers,crogers@bradley-walker-luna.com,(406)417-8303x341,IC,"Bradley, Walker and Luna",bradley-walker-luna.com,2023-10-31,2023-10-31,Japan,Tech,2634,38480269
Jordan Clark,jordan.clark@ryan-noble.org,001-718-790-7549x651,Team Lead,Ryan-Noble,ryan-noble.org,2023-11-01,2023-11-01,Spain,Logistics,9356,354694668
Christopher Jenkins,cjenkins@sullivan-pineda.ai,001-905-811-9906x3825,Team Lead,Sullivan-Pineda,sullivan-pineda.ai,2023-11-03,2023-11-03,Chile,Finance,11534,269803904
Kyle Silva,kyle.silva@friedman-hernandez.xyz,+1-718-261-4091x949,IC,Friedman-Hernandez,friedman-hernandez.xyz,2023-11-03,2023-11-03,Japan,Manufacturing,6504,544406542
Danielle Zimmerman,dzimmerman@moore-davidson.net,7162658541,Manager,Moore-Davidson,moore-davidson.net,2023-11-03,2023-11-03,Japan,Manufacturing,10258,160634621
Brittany Jones,brittany.jones@ramos-martinez.xyz,+1-997-685-7263x924,Manager,Ramos-Martinez,ramos-martinez.xyz,2023-11-04,2023-11-04,United Kingdom,Healthcare,9919,594408859
David Burke,dburke@coleman-ross.net,+1-835-976-5168,IC,Coleman-Ross,coleman-ross.net,2023-11-05,2023-11-05,Spain,Healthcare,12714,695351852
Adrian Harrison,adrian.harrison@rodriguez-smith.xyz,001-479-636-6531x7189,Team Lead,Rodriguez-Smith,rodriguez-smith.xyz,2023-11-05,2023-11-05,Chile,Education,9185,767224164
James Delgado,jdelgado@mathews-hernandez.com,472.285.6295x3440,IC,Mathews-Hernandez,mathews-hernandez.com,2023-11-07,2023-11-07,Chile,Education,7270,653083186
Scott Bowman,scott.bowman@yang-brown-daugherty.xyz,286-374-0245x7738,IC,"Yang, Brown and Daugherty",yang-brown-daugherty.xyz,2023-11-08,2023-11-08,Chile,Manufacturing,7761,557548091
Linda Coleman,linda.coleman@harper-kim.net,665-907-7119x751,IC,Harper-Kim,harper-kim.net,2023-11-09,2023-11-09,United Kingdom,Healthcare,2684,949753788
Allen Dickson,allen.dickson@randall-walker.com,3528603808,IC,Randall-Walker,randall-walker.com,2023-11-10,2023-11-10,Japan,Manufacturing,9795,853931698
Dennis Cox,dennis.cox@miller-taylor-thomas.ai,+1-273-795-4433,IC,"Miller, Taylor and Thomas",miller-taylor-thomas.ai,2023-11-11,2023-11-11,Chile,Manufacturing,6826,717981188
Kathleen Tucker,kathleen.tucker@patterson-simpson-chung.biz,837.289.3649,Manager,"Patterson, Simpson and Chung",patterson-simpson-chung.biz,2023-11-12,2023-11-12,United Kingdom,Finance,13576,962046572
Madison Davis,mdavis@perez-group.at,(800)367-5853x51736,IC,Perez Group,perez-group.at,2023-11-13,2023-11-13,United States,Tech,13858,957999875
Bryan Padilla,bryan.padilla@manning-griffith.com,599-305-2764x463,IC,Manning-Griffith,manning-griffith.com,2023-11-14,2023-11-14,Japan,Manufacturing,12721,787515376
Michael Williams,mwilliams@morgan-sullivan-armstrong.at,+1-798-701-4402x10348,IC,"Morgan, Sullivan and Armstrong",morgan-sullivan-armstrong.at,2023-11-14,2023-11-14,Japan,Healthcare,14247,371255106
Danny Tran,dtran@johnson.biz,(679)204-7802,IC,Johnson PLC,johnson.biz,2023-11-14,2023-11-14,Chile,Logistics,9615,68235078
Christopher Rodriguez,crodriguez@singh-sons.xyz,001-274-460-5194x533,IC,Singh and Sons,singh-sons.xyz,2023-11-15,2023-11-15,Japan,Logistics,5721,837890818
Alexandra Bell,abell@rodriguez-ashley.com,706-529-6731x72851,IC,Rodriguez-Ashley,rodriguez-ashley.com,2023-11-17,2023-11-17,Japan,Tech,9913,902623324
Taylor Miller,taylor.miller@valenzuela-inc.ai,655-959-3334,IC,Valenzuela Inc,valenzuela-inc.ai,2023-11-17,2023-11-17,Japan,Manufacturing,11972,361525105
Daniel Warner,daniel.warner@larson-group.io,001-418-984-8918x4866,Senior Director,Larson Group,larson-group.io,2023-11-17,2023-11-17,Germany,Logistics,13995,694271557
Breanna Watson,breanna.watson@perkins-graves.biz,231.430.7620x0837,IC,Perkins-Graves,perkins-graves.biz,2023-11-22,2023-11-26,United States,Manufacturing,6784,738356400
Jerry Levy,jlevy@drake-williams.at,(349)900-7613x85297,IC,Drake-Williams,drake-williams.at,2023-11-25,2023-11-25,Chile,Finance,14520,763091772
Ryan David,ryan.david@mcdonald-lawrence-santos.biz,001-513-289-1222x293,Team Lead,"Mcdonald, Lawrence and Santos",mcdonald-lawrence-santos.biz,2023-11-25,2023-11-25,Spain,Manufacturing,3923,369964309
Michael Parrish,mparrish@morton.com,001-229-254-9224,Team Lead,Morton PLC,morton.com,2023-11-27,2023-11-30,Japan,Education,10353,977156237
Nicole Hall,nicole.hall@peters-smith-reed.net,(512)366-4458x67059,IC,"Peters, Smith and Reed",peters-smith-reed.net,2023-11-28,2023-11-28,Japan,Healthcare,156,56558965
Andrew Kelly,akelly@mullins-maldonado.ai,(493)391-9747x4813,IC,Mullins-Maldonado,mullins-maldonado.ai,2023-11-29,2023-11-29,Chile,Healthcare,11347,150608814
Antonio Hardin,ahardin@middleton-miles.xyz,(839)466-3549x0793,Manager,Middleton-Miles,middleton-miles.xyz,2023-12-04,2023-12-04,Germany,Tech,10607,374913127
Michael Peterson,mpeterson@nielsen.xyz,+1-512-407-8335x0535,IC,Nielsen PLC,nielsen.xyz,2023-12-05,2023-12-05,United States,Education,14998,59449563
Daniel Woods,daniel.woods@harris-ltd.io,957.951.2803x32541,Manager,Harris Ltd,harris-ltd.io,2023-12-06,2023-12-06,United Kingdom,Manufacturing,5318,782894770
Ruben Alexander,ruben.alexander@perez-walker-fleming.org,(919)203-0932,IC,"Perez, Walker and Fleming",perez-walker-fleming.org,2023-12-07,2023-12-07,United Kingdom,Finance,6714,457771649
Jessica Rios,jessica.rios@deleon-inc.net,464.490.8446x9401,IC,Deleon Inc,deleon-inc.net,2023-12-07,2023-12-07,United States,Finance,11926,343690924
Robert Sullivan,robert.sullivan@lambert-moody-wilson.at,994.272.8683x2926,IC,"Lambert, Moody and Wilson",lambert-moody-wilson.at,2023-12-08,2023-12-08,Chile,Logistics,6417,77018387
Donna Long,dlong@martinez-group.biz,(789)866-4443x568,IC,Martinez Group,martinez-group.biz,2023-12-08,2023-12-08,Japan,Finance,6486,967971548
Tiffany Blanchard,tiffany.blanchard@wolf-colon-reese.com,+1-555-333-4429x7984,Senior Director,"Wolf, Colon and Reese",wolf-colon-reese.com,2023-12-08,2023-12-08,Germany,Logistics,8870,499509612
Luis Simon,lsimon@taylor-moreno-jones.io,502-365-8957x86608,Manager,"Taylor, Moreno and Jones",taylor-moreno-jones.io,2023-12-12,2023-12-12,United States,Tech,10382,378194028
Andrew Barnes,abarnes@rivers-ltd.org,(386)404-6862x2273,IC,Rivers Ltd,rivers-ltd.org,2023-12-14,2023-12-14,Spain,Education,8449,383448069
Shelia Brooks DVM,sdvm@thomas-morse-wells.xyz,(655)394-6200x076,IC,"Thomas, Morse and Wells",thomas-morse-wells.xyz,2023-12-14,2023-12-14,Spain,Tech,9844,347868594
Patrick Johnson,patrick.johnson@garcia-rose-tran.org,(737)870-2688,IC,"Garcia, Rose and Tran",garcia-rose-tran.org,2023-12-15,2023-12-15,United Kingdom,Education,5887,731373963
Michelle Norton,mnorton@ryan-kelley-sullivan.com,987-441-1348x69170,IC,"Ryan, Kelley and Sullivan",ryan-kelley-sullivan.com,2023-12-18,2023-12-18,United States,Finance,11161,898251929
Dustin Harris,dharris@kelley-inc.biz,405-911-0098x641,IC,Kelley Inc,kelley-inc.biz,2023-12-18,2023-12-18,United States,Logistics,10538,927005413
Rachel Wilson,rwilson@taylor-sons.biz,(488)238-8021x67022,Manager,Taylor and Sons,taylor-sons.biz,2023-12-19,2023-12-19,United Kingdom,Education,694,16832899
Amber Washington,amber.washington@christensen-taylor-ramos.io,910.567.6240x15274,IC,"Christensen, Taylor and Ramos",christensen-taylor-ramos.io,2023-12-20,2023-12-20,Chile,Manufacturing,1669,916793046
Jermaine Mccullough,jermaine.mccullough@caldwell-moore.biz,336.382.2066x920,IC,Caldwell-Moore,caldwell-moore.biz,2023-12-20,2023-12-20,Spain,Finance,381,191502052
Dorothy Wilson,dorothy.wilson@bailey.com,6598162804,IC,Bailey PLC,bailey.com,2023-12-22,2023-12-22,United States,Logistics,3820,738045465
Sandra Moore,smoore@mahoney-luna-wise.ai,954-235-3890x057,Senior Director,"Mahoney, Luna and Wise",mahoney-luna-wise.ai,2023-12-22,2023-12-22,United Kingdom,Finance,13736,747480700
Steven Atkinson,satkinson@shaffer-baker-walsh.at,410.826.6507,IC,"Shaffer, Baker and Walsh",shaffer-baker-walsh.at,2023-12-22,2023-12-22,Chile,Tech,4506,576768431
Peter Bennett,pbennett@brady-johnson-nelson.xyz,3133482696,IC,"Brady, Johnson and Nelson",brady-johnson-nelson.xyz,2023-12-25,2023-12-25,Germany,Finance,13578,167947486
Todd Adams,todd.adams@price-rodriguez-little.biz,454-351-1516,IC,"Price, Rodriguez and Little",price-rodriguez-little.biz,2023-12-28,2023-12-28,Spain,Healthcare,2169,992687764
Sean Wallace,swallace@murray-riley-shields.at,001-375-760-3115x286,Team Lead,"Murray, Riley and Shields",murray-riley-shields.at,2023-12-29,2023-12-29,Japan,Logistics,8717,935436658
Anna Cross,anna.cross@carpenter-inc.at,220-419-9430x58015,IC,Carpenter Inc,carpenter-inc.at,2023-12-31,2023-12-31,Germany,Healthcare,7236,851099384
